,Metric,Value
0,CMScore,0.9996802455714011
1,Precision Score,0.9996802455714011
2,Recall Score,0.9996802455714011
3,F1 Score,0.9996802455714011
4,Balanced Accuracy Score,0.9996311431656346
5,Fbeta Score,0.9996802455714011
6,Hamming Loss,0.0003197544285988361
7,Zero One Loss,0.00031975442859888403
